"","T1","T2","T3","T4","T5","T7","T8","T9","T10","T11","T13","T16","T17","T18","T19","T20","T21","T22","T23","T25","T26","T30","T32","T33","T34","T35","T36","T37","T38","T39","T40","T41","T42","T43","T44","T45","W3","W6","W7","W8","W9","W11","W12","W14","W15","W16","W17","W18","W19","W21","W22","W24","W25","W26","W27","W28","W29","W30","W32","W33","W34","W35","W36","W38","W39","W43","W44","W45","W46","W47"
"number of total reads","775867","962259","754623","706494","874388","720997","875177","628599","1011006","646553","1942","823148","729413","752678","754345","764311","493208","826935","444746","560259","704075","582155","878270","717802","639879","301708","974943","671299","833642","682940","723872","532357","1100054","591666","548441","663489","787330","845947","847941","869637","974717","589701","638879","819225","749793","698136","1004298","946719","897957","821136","640861","703955","822648","943018","684410","461906","757343","787303","422229","724577","679318","633485","616860","663168","788453","664885","459363","764940","749821","743297"
"% of reads that have up-downstream seq","96.3","97.55","96.84","97.52","94.86","94.15","93.71","54.08","97.42","97.66","2.63","97.27","97.52","97.15","97.62","96.49","68.84","96.8","83.46","97.5","98","97.79","96.84","3.7","97.75","97.59","97.04","97.17","97.78","96.59","97.33","97.4","97.18","98.06","68.38","97.76","97.42","97.81","97.9","97.62","97.24","0.98","96.87","97.22","97.5","97.84","97.65","97.36","97.26","96.46","97.79","97.62","50.8","96.67","95.11","96.48","97.77","97.32","97.84","97.37","97.8","96.54","97.01","65.25","95.48","97.4","97.45","97.77","97.38","97.35"
"rank 1 seq","GAATTGGGAGAAATTCACCTTTCTCTTCATCTAGTTGTAAC","GAATTGGGAGAAATTCACCTTTCTCTTCATCTAGTTGTAAC","GAATTGGGAGAAATTCACCTGTCTCTTCATCTAGTTGTAAC","GAATTGGGAGAAATTCACCTTTCTCTTCATCTAGTTGTAAC","GAATTGGGAGAAATTCACCTTTCTCTTCATCTAGTTGTAAC","GAATTGGGAGAAATTCACCTTTCTCTTCATCTAGTTGTAAC","GAATTGGGAGAAATTCACCTTTCTCTTCATCTAGTTGTAAC","GAATTGGGAGAAATTCACCTTTCTCTTCATCTAGTTGTAAC","GAATTGGGAGAAATTCACCTTTCTCTTCATCTAGTTGTAAC","GAATTGGGAGAAATTCACCTTTCTCTTCATCTAGTTGTAAC","GAATTGGGAGAAATTCACCTTTCTCTTCATCTAGTTGTAAC","GAATTGGGAGAAATTCACCTTTCTCTTCATCTAGTTGTAAC","GAATTGGGAGAAATTCACCTTTCTCTTCATCTAGTTGTAAC","GAATTGGGAGAAATTCACCTTTCTCTTCATCTAGTTGTAAC","GAATTGGGAGAAATTCACCTTTCTCTTCATCTAGTTGTAAC","GAATTGGGAGAAATTCACCTTTCTCTTCATCTAGTTGTAAC","GAATTGGGAGAAATTCACCTTTCTCTTCATCTAGTTGTAAC","GAATTGGGAGAAATTCACCTTTCTCTTCATCTAGTTGTAAC","GAATTGGGAGAAATTCACCTTTCTCTTCATCTAGTTGTAAC","GAATTGGGAGAAATTCACCTTTCTCTTCATCTAGTTGTAAC","GAATTGGGAGAAATTCACCTTTCTCTTCATCTAGTTGTAAC","GAATTGGGAGAAATTCACCTTTCTCTTCATCTAGTTGTAAC","GAATTGGGAGAAATTCACCTGTCTCTTCATCTAGTTGTAAC","GAATTGGGAGAAATTCACCTTTCTCTTCATCTAGTTGTAAC","GAATTGGGAGAAATTCACCTTTCTCTTCATCTAGTTGTAAC","GAATTGGGAGAAATTCACCTTTCTCTTCATCTAGTTGTAAC","GAATTGGGAGAAATTCACCTGTCTCTTCATCTAGTTGTAAC","GAATTGGGAGAAATTCACCTTTCTCTTCATCTAGTTGTAAC","GAATTGGGAGAAATTCACCTTTCTCTTCATCTAGTTGTAAC","GAATTGGGAGAAATTCACCTTTCTCTTCATCTAGTTGTAAC","GAATTGGGAGAAATTCACCTTTCTCTTCATCTAGTTGTAAC","GAATTGGGAGAAATTCACCTGTCTCTTCATCTAGTTGTAAC","GAATTGGGAGAAATTCACCTTTCTCTTCATCTAGTTGTAAC","GAATTGGGAGAAATTCACCTTTCTCTTCATCTAGTTGTAAC","GAATTGGGAGAAATTCACCTTTCTCTTCATCTAGTTGTAAC","GAATTGGGAGAAATTCACCTTTCTCTTCATCTAGTTGTAAC","GAATTGGGAGAAATTCACCTGTCTCTTCATCTAGTTGTAAC","GAATTGGGAGAAATTCACCTGTCTCTTCATCTAGTTGTAAC","GAATTGGGAGAAATTCACCTGTCTCTTCATCTAGTTGTAAC","GAATTGGGAGAAATTCACCTGTCTCTTCATCTAGTTGTAAC","GAATTGGGAGAAATTCACCTGTCTCTTCATCTAGTTGTAAC","GAATTGGGAGAAATTCACCTGTCTCTTCATCTAGTTGTAAC","GAATTGGGAGAAATTCACCTGTCTCTTCATCTAGTTGTAAC","GAATTGGGAGAAATTCACCTGTCTCTTCATCTAGTTGTAAC","GAATTGGGAGAAATTCACCTGTCTCTTCATCTAGTTGTAAC","GAATTGGGAGAAATTCACCTGTCTCTTCATCTAGTTGTAAC","GAATTGGGAGAAATTCACCTGTCTCTTCATCTAGTTGTAAC","GAATTGGGAGAAATTCACCTGTCTCTTCATCTAGTTGTAAC","GAATTGGGAGAAATTCACCTTTCTCTTCATCTAGTTGTAAC","GAATTGGGAGAAATTCACCTGTCTCTTCATCTAGTTGTAAC","GAATTGGGAGAAATTCACCTGTCTCTTCATCTAGTTGTAAC","GAATTGGGAGAAATTCACCTGTCTCTTCATCTAGTTGTAAC","GAATTGGGAGAAATTCACCTGTCTCTTCATCTAGTTGTAAC","GAATTGGGAGAAATTCACCTGTCTCTTCATCTAGTTGTAAC","GAATTGGGAGAAATTCACCTGTCTCTTCATCTAGTTGTAAC","GAATTGGGAGAAATTCACCTGTCTCTTCATCTAGTTGTAAC","GAATTGGGAGAAATTCACCTGTCTCTTCATCTAGTTGTAAC","GAATTGGGAGAAATTCACCTGTCTCTTCATCTAGTTGTAAC","GAATTGGGAGAAATTCACCTGTCTCTTCATCTAGTTGTAAC","GAATTGGGAGAAATTCACCTGTCTCTTCATCTAGTTGTAAC","GAATTGGGAGAAATTCACCTGTCTCTTCATCTAGTTGTAAC","GAATTGGGAGAAATTCACCTGTCTCTTCATCTAGTTGTAAC","GAATTGGGAGAAATTCACCTGTCTCTTCATCTAGTTGTAAC","GAATTGGGAGAAATTCACCTGTCTCTTCATCTAGTTGTAAC","GAATTGGGAGAAATTCACCTGTCTCTTCATCTAGTTGTAAC","GAATTGGGAGAAATTCACCTGTCTCTTCATCTAGTTGTAAC","GAATTGGGAGAAATTCACCTGTCTCTTCATCTAGTTGTAAC","GAATTGGGAGAAATTCACCTGTCTCTTCATCTAGTTGTAAC","GAATTGGGAGAAATTCACCTGTCTCTTCATCTAGTTGTAAC","GAATTGGGAGAAATTCACCTGTCTCTTCATCTAGTTGTAAC"
"% of rank 1 seq","99.22","99.22","95.77","98.51","99.43","99.37","99.39","99.31","99.47","99.43","98.04","99.41","98.46","99.51","99.4","96.52","99.43","99.15","99.25","99.38","99.48","99.47","97.88","79.25","99.44","99.5","90.53","99.17","99.44","97.54","99.06","99.26","98.76","99.54","99.5","99.49","98.28","99.43","99.41","99.29","98.58","98.23","98.92","97.15","99.37","99.4","99.36","99.36","96.9","99.41","99.38","77.05","99.39","97.11","96.69","99.43","99.43","99.44","99.41","98.99","99.39","99.33","98.92","99.36","99.42","98.62","99.49","99.46","99.38","98.98"
"rank 2 seq","GAATTGGGAGAAATTCACCTGTCTCTTCATCTAGTTGTAAC","GAATTGGGAGAAATTCACCTTTCTCTCCATCTAGTTGTAAC","GAATTGGGAGAAATTCACCTTTCTCTTCATCTAGTTGTAAC","AAATTGGGAGAAATTCACCTTTCTCTTCATCTAGTTGTAAC","GAATTGGGAGAAATTCACCTGTCTCTTCATCTAGTTGTAAC","GAATTGGGAGAAATTCACCTGTCTCTTCATCTAGTTGTAAC","GAATTGGGAGAAATTCACCTGTCTCTTCATCTAGTTGTAAC","GAATTGGGAGAAATTCACCTGTCTCTTCATCTAGTTGTAAC","GAATTGGGAGAAATTCACCTTCTCTTCATCTAGTTGTAAC","GAATTGGGAGAAATTCACCTTTCTCCTCATCTAGTTGTAAC","GAATTGGGAGTAATTCACCTTTCTCTTCATCTAGTTGTAAC","GAATTGGGAGAAATTCACCTGTCTCTTCATCTAGTTGTAAC","GAATTGGGAGAAATTCACCTTTCTCTTCATCTAGTTGTAC","GAATTGGGAGAAATTCACCTGTCTCTTCATCTAGTTGTAAC","GAATTGGGAGAAATTCACCTGTCTCTTCATCTAGTTGTAAC","GAATTGGGAGAAATTCACCTTTCTCTTCATCTAGTTGCAAC","GAATTGGGAGAAATTCACCTGTCTCTTCATCTAGTTGTAAC","GAATTAGGAGAAATTCACCTTTCTCTTCATCTAGTTGTAAC","GGATTGGGAGAAATTCACCTTTCTCTTCATCTAGTTGTAAC","GAATTGGGAGAAATTCACCTTTCTCATCATCTAGTTGTAAC","GAATTGGGAGAAATTCACCTGTCTCTTCATCTAGTTGTAAC","GAATTGGGAGAAATTCACCTGTCTCTTCATCTAGTTGTAAC","GAATTGGGAGAAATTCACCTTTCTCTTCATCTAGTTGTAAC","GAATTGGGAGAAATTCACCTGTCTCTTCATCTAGTTGTAAC","GAATTGGGAGAAATTCACCTGTCTCTTCATCTAGTTGTAAC","GAATTGGGAGAAATTCACCTGTCTCTTCATCTAGTTGTAAC","GAATTGGGAGAAATTCACCTTTCTCTTCATCTAGTTGTAAC","GAATTGGGAGAAATTCACCTTTTTCTTCATCTAGTTGTAAC","GAATTGGGAGAAATTCACCTGTCTCTTCATCTAGTTGTAAC","GAATTGGGAGAAATTCACCTTCTCTTCATCTAGTTGTAAC","GAATTGGGAGAAATTCACCTGTCTCTTCATCTAGTTGTAAC","GAATTGGGAGAAATTCACCTTTCTCTTCATCTAGTTGTAAC","GAATTGGGAAAAATTCACCTTTCTCTTCATCTAGTTGTAAC","GAATTGGGAGAAATTCACCTGTCTCTTCATCTAGTTGTAAC","GAATTGGGAGAAATTCACCTGTCTCTTCATCTAGTTGTAAC","GAATTGGGAGAAATTCACCTGTCTCTTCATCTAGTTGTAAC","GAATTGGGAGAAATTCACCTGTCTCTTCACTAGTTGTAAC","GAATTGGGAGAAATTCACCCGTCTCTTCATCTAGTTGTAAC","GAATTGGGAGAAATTCACCCGTCTCTTCATCTAGTTGTAAC","GAATTGGGAGAAATTCACCCGTCTCTTCATCTAGTTGTAAC","GAATTGGGAGAAATTCACTTGTCTCTTCATCTAGTTGTAAC","GAATTGGGAGAAATTCACCTTTCTCTTCATCTAGTTGTAAC","GAATTGGGAGAAATTCACCTGTCTCTTCATCAGTTGTAAC","GAATTGGGAGAAATCCACCTGTCTCTTCATCTAGTTGTAAC","GAATTGGGAGAAATTCACCCGTCTCTTCATCTAGTTGTAAC","GAATTGGGAGAAATTCACCCGTCTCTTCATCTAGTTGTAAC","GAATTGGGAGAAATTCACCCGTCTCTTCATCTAGTTGTAAC","GAATTGGGAGAAATTCACCCGTCTCTTCATCTAGTTGTAAC","GAATTGGGAGAAATTCACCTGTCTCTTCATCTAGTTGTAAC","GAATTGGGAGAAATTCACCCGTCTCTTCATCTAGTTGTAAC","GAATTGGGAGAAATTCACCCGTCTCTTCATCTAGTTGTAAC","GAATTGGGAGAAATTCACCTGTCTCTTTATCTAGTTGTAAC","GAATTGGGAGAAATTCACCCGTCTCTTCATCTAGTTGTAAC","GAATTGGGAGAAATTCACCTGTCTCTTCATCTAGTTGAAC","AAATTGGGAGAAATTCACCTGTCTCTTCATCTAGTTGTAAC","GAATTGGGAGAAATTCACCCGTCTCTTCATCTAGTTGTAAC","GAATTGGGAGAAATTCACCCGTCTCTTCATCTAGTTGTAAC","GAATTGGGAGAAATTCACCCGTCTCTTCATCTAGTTGTAAC","GAATTGGGAGAAATTCACCCGTCTCTTCATCTAGTTGTAAC","GAATTGGGAGAAATTCACCTTTCTCTTCATCTAGTTGTAAC","GAATTGGGAGAAATTCACCCGTCTCTTCATCTAGTTGTAAC","GAATTGGGAGAAATTCACCAGTCTCTTCATCTAGTTGTAAC","GAATTGGGAGAAATTCACCTGTCTTTTCATCTAGTTGTAAC","GAATTGGGAGAAATTCACCCGTCTCTTCATCTAGTTGTAAC","GAATTGGGAGAAATTCACCCGTCTCTTCATCTAGTTGTAAC","GAATCGGGAGAAATTCACCTGTCTCTTCATCTAGTTGTAAC","GAATTGGGAGAAATTCACCCGTCTCTTCATCTAGTTGTAAC","GAATTGGGAGAAATTCACCCGTCTCTTCATCTAGTTGTAAC","GAATTGGGAGAAATTCACCCGTCTCTTCATCTAGTTGTAAC","GAATTGTGAGAAATTCACCTGTCTCTTCATCTAGTTGTAAC"
"% of rank 2 seq","0.12","0.17","3.11","0.86","0.07","0.1","0.12","0.11","0.03","0.04","1.96","0.04","0.92","0.07","0.07","2.87","0.06","0.12","0.1","0.09","0.07","0.05","1.28","19.5","0.05","0.04","8.72","0.13","0.05","0.97","0.44","0.18","0.63","0.05","0.06","0.04","0.59","0.04","0.05","0.13","0.75","0.73","0.15","2.22","0.05","0.05","0.05","0.06","2.44","0.05","0.05","22.3","0.06","1.61","2.72","0.05","0.05","0.05","0.07","0.27","0.06","0.07","0.12","0.05","0.05","0.23","0.05","0.07","0.06","0.12"
"rank 3 seq","GAATTGGGGGAAATTCACCTTTCTCTTCATCTAGTTGTAAC","GAATTGGGAGAAATTCACCTGTCTCTTCATCTAGTTGTAAC","GAATTGGGAGAAATTCACCCGTCTCTTCATCTAGTTGTAAC","GAATTGGGAGAAATTCACCTGTCTCTTCATCTAGTTGTAAC","GAATTGGGAGAAATTCACCTTCTCTTCATCTAGTTGTAAC","AAATTGGGAGAAATTCACCTTTCTCTTCATCTAGTTGTAAC","AAATTGGGAGAAATTCACCTTTCTCTTCATCTAGTTGTAAC","AAATTGGGAGAAATTCACCTTTCTCTTCATCTAGTTGTAAC","GAATTGGGAGAAATTCACCTGTCTCTTCATCTAGTTGTAAC","GAATTGGGAGAAATTCACCTTTCTCGTCATCTAGTTGTAAC",NA,"GAATTGGGAGAAATTCACCTTCTCTTCATCTAGTTGTAAC","GAATTGGGAGAAATTCACCTGTCTCTTCATCTAGTTGTAAC","GAATTGGGAGAAATTCACCTTCTCTTCATCTAGTTGTAAC","GAATTGGGAGAAATTCACCTTCTCTTCATCTAGTTGTAAC","GAATTGGGAGAAATTCACCTGTCTCTTCATCTAGTTGTAAC","GAATTGGGAAAATTCACCTTTCTCTTCATCTAGTTGTAAC","GAATTGGGAGAAATTCACCATTCTCTTCATCTAGTTGTAAC","GAATTGGGAGAAATTCACCTGTCTCTTCATCTAGTTGTAAC","GAATTGGGAGAAATTCACCTGTCTCTTCATCTAGTTGTAAC","GAATTGGGAGAAATTCACCTTCTCTTCATCTAGTTGTAAC","GAATTGGGAGAAATTCACCTTCTCTTCATCTAGTTGTAAC","GAATTGGGAGAAATTCACCCGTCTCTTCATCTAGTTGTAAC","GAATTGGGAGAAATTCACCTTTCTCTTCATCAGTTGTAAC","GAATTGGGAGAAATTCACCTTCTCTTCATCTAGTTGTAAC","GAATTGGGAGAAATTCACCTTCTCTTCATCTAGTTGTAAC","GAATTGGGAGAAATTCACCCGTCTCTTCATCTAGTTGTAAC","GAATTGGGAGAAATTCACCTGTCTCTTCATCTAGTTGTAAC","GAATTGGGAGAAATTCACCTTCTCTTCATCTAGTTGTAAC","GAATTGGGAGAAATTCACCTTTCTCTTCATCTGTTGTAAC","GAATTGGGAGAAATTCACCTTCTCTTCATCTAGTTGTAAC","GAATTGGGAGAAATTCACCCGTCTCTTCATCTAGTTGTAAC","GAATTGGGAGAAATTCACCTGTCTCTTCATCTAGTTGTAAC","GAATTGGGAGAAATTCACCTTCTCTTCATCTAGTTGTAAC","GAATTGGGAGAAATTCACCTTCTCTTCATCTAGTTGTAAC","GAATTGGGAGAAATTCACCTTCTCTTCATCTAGTTGTAAC","GAATTAGGAGAAATTCACCTGTCTCTTCATCTAGTTGTAAC","AAATTGGGAGAAATTCACCTGTCTCTTCATCTAGTTGTAAC","GAATTGGGAGAAATTCACCTATCTCTTCATCTAGTTGTAAC","GAATTGGGAGAAATTCACCTTTCTCTTCATCTAGTTGTAAC","GAATTGGGAGAAATTCACCCGTCTCTTCATCTAGTTGTAAC","GAATTGGGAAAAATTCACCTGTCTCTTCATCTAGTTGTAAC","GAATTGGGAGAAATTCACCTGTCTCTTCATCTAGTTGTAAT","GAATTGGGAGAAATTCACCCGTCTCTTCATCTAGTTGTAAC","GAATTGGGGGAAATTCACCTGTCTCTTCATCTAGTTGTAAC","GAATTGGGAGAAATTCACCTGCCTCTTCATCTAGTTGTAAC","GAATTGGGAGAAATTCACCTATCTCTTCATCTAGTTGTAAC","GAATTGGGAGAAATTCATCTGTCTCTTCATCTAGTTGTAAC","GAATTGGGAGAAATTCACCTTTCTCATCATCTAGTTGTAAC","GAATTGGGAGAAATTCACCTTTCTCTTCATCTAGTTGTAAC","GAATTGAGAGAAATTCACCTGTCTCTTCATCTAGTTGTAAC","AAATTGGGAGAAATTCACCTGTCTCTTCATCTAGTTGTAAC","GAATTGGGAGAAATTCATCTGTCTCTTCATCTAGTTGTAAC","AAATTGGGAGAAATTCACCTGTCTCTTCATCTAGTTGTAAC","GAATTGGGAGAAATTCACCCGTCTCTTCATCTAGTTGTAAC","GAATTGGGAGAAATTCACCTGTCTCTTCATTTAGTTGTAAC","GAATTGGGAGAAATTCACCTGTCTCATCATCTAGTTGTAAC","AAATTGGGAGAAATTCACCTGTCTCTTCATCTAGTTGTAAC","GAATTGGGAGAAATTCACCTGTCTCTACATCTAGTTGTAAC","GAATTGTGAGAAATTCACCTTTCTCTTCATCTAGTTGTAAC","GAATTGGGAGAAATTCATCTGTCTCTTCATCTAGTTGTAAC","GAATTGGGAGAAATTCACCCGTCTCTTCATCTAGTTGTAAC","GAATTGGGAGAAATTCACCTGTCTCTTCATCTAGTTGAAC","GAATTGGGAGAAATTCATCTGTCTCTTCATCTAGTTGTAAC","GAATTGGGAGAAATTCACCTGTCTCATCATCTAGTTGTAAC","GAATTGGGAGAAATTCACCTGTCTCTTCATCTAGTGTAAC","GAATTGGGAGAAATTCATCTGTCTCTTCATCTAGTTGTAAC","GAATTGGGAGAAATTCACCTGTCTCTTCATCTAATTGTAAC","AAATTGGGAGAAATTCACCTGTCTCTTCATCTAGTTGTAAC","GAATTGGGAGAAATTCACCTGTCTCTTCATCAGTTGTAAC"
"% of rank 3 seq","0.09","0.09","0.1","0.13","0.03","0.03","0.04","0.11","0.03","0.03",NA,"0.03","0.09","0.03","0.04","0.09","0.04","0.12","0.07","0.07","0.03","0.03","0.11","0.15","0.03","0.03","0.05","0.04","0.03","0.9","0.03","0.09","0.05","0.02","0.03","0.04","0.52","0.03","0.03","0.03","0.08","0.09","0.15","0.05","0.03","0.03","0.03","0.03","0.05","0.03","0.03","0.04","0.03","0.63","0.07","0.03","0.04","0.03","0.06","0.13","0.03","0.06","0.12","0.03","0.03","0.16","0.03","0.03","0.03","0.09"
"rank 4 seq","GAATTGGGAGAAATTCACCTTTCTCTTCATCTAGTTATAAC","GAATTGGGAGAAATTCACCTTCTCTTCATCTAGTTGTAAC","GAATTGGGAGAAATTCACCTGTCTCTTTATCTAGTTGTAAC","GAATTGGGAGAAATTCACCTTCTCTTCATCTAGTTGTAAC","AAATTGGGAGAAATTCACCTTTCTCTTCATCTAGTTGTAAC","GAATTGGGAGAAATTCACCTTCTCTTCATCTAGTTGTAAC","GAATTGGGAGAAATTCACCTTCTCTTCATCTAGTTGTAAC","GAATTGGGAGAAATTCACCTTCTCTTCATCTAGTTGTAAC","AAATTGGGAGAAATTCACCTTTCTCTTCATCTAGTTGTAAC","GAATTGGGAGAAATTCACCTTCTCTTCATCTAGTTGTAAC",NA,"AAATTGGGAGAAATTCACCTTTCTCTTCATCTAGTTGTAAC","GAATTGGGAGAAATTCACCTTCTCTTCATCTAGTTGTAAC","AAATTGGGAGAAATTCACCTTTCTCTTCATCTAGTTGTAAC","GAATTGGGAGAAATTCACCTTTCTCTTCATCTAGTTGTGAC","AAATTGGGAGAAATTCACCTTTCTCTTCATCTAGTTGTAAC","AAATTGGGAGAAATTCACCTTTCTCTTCATCTAGTTGTAAC","GAATTGGGAGAAATTCACCTTCTCTTCATCTAGTTGTAAC","GAATTGGGAGAAATTCACCTTCTCTTCATCTAGTTGTAAC","GAATTGGGAGAAATTCACCTTCTCTTCATCTAGTTGTAAC","AAATTGGGAGAAATTCACCTTTCTCTTCATCTAGTTGTAAC","AAATTGGGAGAAATTCACCTTTCTCTTCATCTAGTTGTAAC","GAATTGGGAAAAATTCACCTGTCTCTTCATCTAGTTGTAAC","GAATTGGGAGAAATTCACCTTTCTCTTCATCTAGTTGTAC","AAATTGGGAGAAATTCACCTTTCTCTTCATCTAGTTGTAAC","AAATTGGGAGAAATTCACCTTTCTCTTCATCTAGTTGTAAC","GAATTGGGAGAAATTCATCTGTCTCTTCATCTAGTTGTAAC","GAATTGGGAGAAATTCACCTTCTCTTCATCTAGTTGTAAC","AAATTGGGAGAAATTCACCTTTCTCTTCATCTAGTTGTAAC","GAATTGGGAGAAATTAACCTTTCTCTTCATCTAGTTGTAAC","AAATTGGGAGAAATTCACCTTTCTCTTCATCTAGTTGTAAC","GAATTTGGAGAAATTCACCTGTCTCTTCATCTAGTTGTAAC","GAATTGGGAGAAATTTACCTTTCTCTTCATCTAGTTGTAAC","AAATTGGGAGAAATTCACCTTTCTCTTCATCTAGTTGTAAC","GAATTGGGAGAAATTCACCTTTCTCTTCATCTAGTTGCAAC","GAATTGGGAGAAATTCACCTTTCTCATCATCTAGTTGTAAC","GAATTGGGAGAAATTCACCCGTCTCTTCATCTAGTTGTAAC","GAATTGGGAGAAATTCACCTTTCTCTTCATCTAGTTGTAAC","GAATTGGGAGAAATTCATCTGTCTCTTCATCTAGTTGTAAC","GAATTGGGAGAAATTCATCTGTCTCTTCATCTAGTTGTAAC","AAATTGGGAGAAATTCACCTGTCTCTTCATCTAGTTGTAAC","GAATTGGGAGAAATTCACCTATCTCTTCATCTAGTTGTAAC","GAATTGGGAGAAATTCACCTGTCTCTTCATCTAGTGTAAC","GAATTGGGAGAAATTCACCTGTCTCCTCATCTAGTTGTAAC","GAATTGGGAGAAATTCACCTGTCTCTTCATCTAATTGTAAC","GAATTGGGAGAAATTCACCTGTCTTTTCATCTAGTTGTAAC","GAATTAGGAGAAATTCACCTGTCTCTTCATCTAGTTGTAAC","AAATTGGGAGAAATTCACCTGTCTCTTCATCTAGTTGTAAC","AAATTGGGAGAAATTCACCTTTCTCTTCATCTAGTTGTAAC","AAATTGGGAGAAATTCACCTGTCTCTTCATCTAGTTGTAAC","AAATTGGGAGAAATTCACCTGTCTCTTCATCTAGTTGTAAC","GAATTGGGAGAAATTCACCCGTCTCTTCATCTAGTTGTAAC","GAATTGGGAGAAATTCACCTGTCTCTTCATCTAGTTATAAC","GAATTGGGAGAAATTCACCTGTCTCTTCACCTAGTTGTAAC","GAATTGGGAGAAATTCACCGGTCTCTTCATCTAGTTGTAAC","GAATTGGGAGAAATTCATCTGTCTCTTCATCTAGTTGTAAC","AAATTGGGAGAAATTCACCTGTCTCTTCATCTAGTTGTAAC","GAATTGGGAGAAATTCACCTGTCTCATCATCTAGTTGTAAC","GAATTGGGAGAAATTCATCTGTCTCTTCATCTAGTTGTAAC","GAATTGGGAGAAATTCACCCGTCTCTTCATCTAGTTGTAAC","AAATTGGGAGAAATTCACCTGTCTCTTCATCTAGTTGTAAC","GAATTGGGAGAAATTCACCTATCTCTTCATCTAGTTGTAAC","GAATTGGGAGAAATTCACCTGTCTCTTCATCTAGTGTAAC","AAATTGGGAGAAATTCACCTGTCTCTTCATCTAGTTGTAAC","AAATTGGGAGAAATTCACCTGTCTCTTCATCTAGTTGTAAC","GAATTGGGAGAAATTCACCTGTCTCTTCATCTAGTTGAAC","AAATTGGGAGAAATTCACCTGTCTCTTCATCTAGTTGTAAC","GAATTGGGAGAAATTCATCTGTCTCTTCATCTAGTTGTAAC","GAATTGGGAGAAATTCATCTGTCTCTTCATCTAGTTGTAAC","GAATTGGGAGAAATTCACCTGTCTCTTCATCTAATTGTAAC"
"% of rank 4 seq","0.07","0.04","0.1","0.03","0.03","0.03","0.03","0.03","0.03","0.03",NA,"0.02","0.04","0.02","0.03","0.05","0.03","0.07","0.04","0.03","0.02","0.02","0.05","0.06","0.03","0.02","0.04","0.04","0.03","0.06","0.03","0.05","0.04","0.02","0.02","0.02","0.05","0.03","0.03","0.03","0.07","0.07","0.13","0.03","0.03","0.03","0.03","0.03","0.05","0.02","0.03","0.04","0.03","0.07","0.03","0.03","0.03","0.02","0.03","0.05","0.02","0.04","0.11","0.03","0.03","0.12","0.02","0.02","0.03","0.09"
"rank 5 seq","GAATTGGGAGAAATTCACCTTCTCTTCATCTAGTTGTAAC","AAATTGGGAGAAATTCACCTTTCTCTTCATCTAGTTGTAAC","GGATTGGGAGAAATTCACCTGTCTCTTCATCTAGTTGTAAC","GAATTGGGAGAAATTCGCCTTTCTCTTCATCTAGTTGTAAC","GAATTGAGAGAAATTCACCTTTCTCTTCATCTAGTTGTAAC","GAATTGGGGGAAATTCACCTTTCTCTTCATCTAGTTGTAAC","GAATTGGGAGAAATTCACCTTTCTCATCATCTAGTTGTAAC","GAATTGGGAGAAATTCACCTTTCTCTTCATCTAATTGTAAC","GAATTGGGAGAAATTCACCTTTCTCTTCATCCAGTTGTAAC","GAATTGGGAGAAATTCACCTGTCTCTTCATCTAGTTGTAAC",NA,"GGATTGGGAGAAATTCACCTTTCTCTTCATCTAGTTGTAAC","AAATTGGGAGAAATTCACCTTTCTCTTCATCTAGTTGTAAC","GAATTGAGAGAAATTCACCTTTCTCTTCATCTAGTTGTAAC","AAATTGGGAGAAATTCACCTTTCTCTTCATCTAGTTGTAAC","GAATTGGGAGAAATTCACCTTCTCTTCATCTAGTTGTAAC","GAATTGGGAGAAATTCACCTTCTCTTCATCTAGTTGTAAC","GAATTGGGAGAAATTCACCTGTCTCTTCATCTAGTTGTAAC","AAATTGGGAGAAATTCACCTTTCTCTTCATCTAGTTGTAAC","AAATTGGGAGAAATTCACCTTTCTCTTCATCTAGTTGTAAC","GAATTGGGAGAAATTCACCTTTCTCTTCATCTAATTGTAAC","GAATTGGGAGAAATTCACCTTTCTCTCCATCTAGTTGTAAC","GAATTGGGAGAAATTCATCTGTCTCTTCATCTAGTTGTAAC","GAATTGTGAGAAATTCACCTTTCTCTTCATCTAGTTGTAAC","GAATTGGGAGAAATTCACCTTTCTCTTCATCTAATTGTAAC","GAATTGGGAGAAATTCACCTTTCTCATCATCTAGTTGTAAC","AAATTGGGAGAAATTCACCTGTCTCTTCATCTAGTTGTAAC","GAATTGGGAGAAATTCACCTTTCTCTTCATCTAGTCGTAAC","GAATTGGGAGAAATTCACCTTTCTCTTCATCTAGTTGTAAT","GAATTGGGAGAAATTCACCTGTCTCTTCATCTAGTTGTAAC","GAATTGGGAGAAATTCACCTTTCTCATCATCTAGTTGTAAC","GAATTGGGAGAAATTCACTTGTCTCTTCATCTAGTTGTAAC","GAATTGGGAGAAATTCACCTTCTCTTCATCTAGTTGTAAC","GAATTGGGAGAAATTCACCTTTCTCTTCATCTAATTGTAAC","AAATTGGGAGAAATTCACCTTTCTCTTCATCTAGTTGTAAC","AAATTGGGAGAAATTCACCTTTCTCTTCATCTAGTTGTAAC","AAATTGGGAGAAATTCACCTGTCTCTTCATCTAGTTGTAAC","GAATTGGGAGAAATTCGCCTGTCTCTTCATCTAGTTGTAAC","GAATTGGGAGAAATTCACCTGTCTCATCATCTAGTTGTAAC","GAATTGGGAGAAATTCACCTGTCTCCTCATCTAGTTGTAAC","GAATTGGGAGAAATTCACCTGTCTCATCATCTAGTTGTAAC","GAATTGGGAGAAATTCACCCGTCTCTTCATCTAGTTGTAAC","GAATTGGGAGAAATTCACCCGTCTCTTCATCTAGTTGTAAC","GAATTGGGAGAAATTCACCTATCTCTTCATCTAGTTGTAAC","AAATTGGGAGAAATTCACCTGTCTCTTCATCTAGTTGTAAC","GAATTGGGAGAAATTCACCTATCTCTTCATCTAGTTGTAAC","AAATTGGGAGAAATTCACCTGTCTCTTCATCTAGTTGTAAC","GAATTGGGAGAAATTCACCTGTCTCATCATCTAGTTGTAAC","GAATTGGGAGAAATTCACCTTCTCTTCATCTAGTTGTAAC","GAATTGGGAGAAATTCACCTGTCTCATCATCTAGTTGTAAC","GAATTGGGAGAAATTCATCTGTCTCTTCATCTAGTTGTAAC","GAATTGGGAGAAATTCATCTGTCTCTTCATCTAGTTGTAAC","GAATTGGGAGAAATTCACCTGTCTCATCATCTAGTTGTAAC","GAATTGGGAGAAATTCACCCGTCTCTTCATCTAGTTGTAAC","GAATTGGGAGAAATTCATCTGTCTCTTCATCTAGTTGTAAC","GAATTGGGAGAAATTCACCTGTCTCATCATCTAGTTGTAAC","GAATTGGGAGAAATTCATCTGTCTCTTCATCTAGTTGTAAC","GAATTGAGAGAAATTCACCTGTCTCTTCATCTAGTTGTAAC","GAATTGGGAGAAATTCACCTATCTCTTCATCTAGTTGTAAC","GAATTGGGAGAAATTCACCTGTCTCTCCATCTAGTTGTAAC","GAATTGGGAGAAATTCACCTATCTCTTCATCTAGTTGTAAC","AAATTGGGAGAAATTCACCTGTCTCTTCATCTAGTTGTAAC","GAATTGGGAGAAATTCACCTGTCTCTTCATCTAGTTGTAC","GAATTGGGAGAAATTCACCTTTCTCTTCATCTAGTTGTAAC","GAATTGGGAGAAATTCATCTGTCTCTTCATCTAGTTGTAAC","GAATTGGGAGAAATTCACCTGTCTCTTCATCTAGTTTGTAAC","GAATTGGGAGAAATTCACCTATCTCTTCATCTAGTTGTAAC","GAATTGGGAGAAATTCACCTGTCTCCTCATCTAGTTGTAAC","GAATTGGGAGAAATTCACCTGTCTCCTCATCTAGTTGTAAC","GAATTGGGAGAAATTCACCTGTCTCTTCATCTAGTGTAAC"
"% of rank 5 seq","0.03","0.03","0.1","0.03","0.02","0.02","0.02","0.02","0.02","0.02",NA,"0.02","0.03","0.02","0.02","0.03","0.03","0.04","0.03","0.02","0.02","0.02","0.03","0.06","0.02","0.02","0.04","0.03","0.02","0.04","0.02","0.02","0.03","0.02","0.02","0.02","0.03","0.03","0.03","0.03","0.03","0.05","0.05","0.03","0.03","0.03","0.02","0.02","0.03","0.02","0.03","0.02","0.02","0.05","0.02","0.02","0.03","0.02","0.02","0.03","0.02","0.03","0.09","0.03","0.02","0.1","0.02","0.02","0.03","0.08"
"genotype","T80K","T80K","WT","T80K","T80K","T80K","T80K","T80K","T80K","T80K","T80K","T80K","T80K","T80K","T80K","T80K","T80K","T80K","T80K","T80K","T80K","T80K","WT","Mixed","T80K","T80K","Mixed","T80K","T80K","T80K","T80K","WT","T80K","T80K","T80K","T80K","WT","WT","WT","WT","WT","WT","WT","WT","WT","WT","WT","WT","T80K","WT","WT","Mixed","WT","WT","WT","WT","WT","WT","WT","WT","WT","WT","WT","WT","WT","WT","WT","WT","WT","WT"
